{
  "id": "1088275",
  "name": "JCW",
  "font_family": "iconfont",
  "css_prefix_text": "icon",
  "description": "JCW",
  "glyphs": [
    {
      "icon_id": "145699",
      "name": "电话_填充",
      "font_class": "dianhuatianchong",
      "unicode": "e6e5",
      "unicode_decimal": 59109
    },
    {
      "icon_id": "17553443",
      "name": "电  话",
      "font_class": "dianhua",
      "unicode": "e6fb",
      "unicode_decimal": 59131
    },
    {
      "icon_id": "17716688",
      "name": "银行卡 (1)",
      "font_class": "yinhangka1",
      "unicode": "e6e3",
      "unicode_decimal": 59107
    },
    {
      "icon_id": "19916885",
      "name": "身份证",
      "font_class": "shenfenzheng",
      "unicode": "e6e4",
      "unicode_decimal": 59108
    },
    {
      "icon_id": "11215706",
      "name": "应用",
      "font_class": "yingyong4",
      "unicode": "e6e2",
      "unicode_decimal": 59106
    },
    {
      "icon_id": "18525008",
      "name": "文件管理",
      "font_class": "wenjianguanli1",
      "unicode": "e70d",
      "unicode_decimal": 59149
    },
    {
      "icon_id": "1240777",
      "name": "应用",
      "font_class": "yingyong2",
      "unicode": "e6de",
      "unicode_decimal": 59102
    },
    {
      "icon_id": "13174029",
      "name": "数据",
      "font_class": "shuju1",
      "unicode": "e6df",
      "unicode_decimal": 59103
    },
    {
      "icon_id": "13233954",
      "name": "应用",
      "font_class": "yingyong3",
      "unicode": "e6e0",
      "unicode_decimal": 59104
    },
    {
      "icon_id": "15030046",
      "name": "数据",
      "font_class": "shuju2",
      "unicode": "e6e1",
      "unicode_decimal": 59105
    },
    {
      "icon_id": "1667885",
      "name": "电子印章管理 ",
      "font_class": "dianziyinzhangguanli",
      "unicode": "e67b",
      "unicode_decimal": 59003
    },
    {
      "icon_id": "1697164",
      "name": "功能",
      "font_class": "gongneng",
      "unicode": "e6d5",
      "unicode_decimal": 59093
    },
    {
      "icon_id": "3235358",
      "name": "报备",
      "font_class": "baobei",
      "unicode": "e9ff",
      "unicode_decimal": 59903
    },
    {
      "icon_id": "5531858",
      "name": "信息查询",
      "font_class": "xinxichaxun",
      "unicode": "e6d6",
      "unicode_decimal": 59094
    },
    {
      "icon_id": "14109948",
      "name": "数据治理",
      "font_class": "shujuzhili",
      "unicode": "e6d7",
      "unicode_decimal": 59095
    },
    {
      "icon_id": "14428163",
      "name": "案件",
      "font_class": "anjian2",
      "unicode": "e704",
      "unicode_decimal": 59140
    },
    {
      "icon_id": "16619324",
      "name": "数据管理",
      "font_class": "shujuguanli",
      "unicode": "e70f",
      "unicode_decimal": 59151
    },
    {
      "icon_id": "17377782",
      "name": "文件管理",
      "font_class": "wenjianguanli",
      "unicode": "e6d8",
      "unicode_decimal": 59096
    },
    {
      "icon_id": "18073620",
      "name": "台账",
      "font_class": "taizhang-01",
      "unicode": "e6da",
      "unicode_decimal": 59098
    },
    {
      "icon_id": "18426076",
      "name": "数据管理",
      "font_class": "shujuguanli1",
      "unicode": "e6db",
      "unicode_decimal": 59099
    },
    {
      "icon_id": "19956259",
      "name": "数据",
      "font_class": "shuju",
      "unicode": "e6dc",
      "unicode_decimal": 59100
    },
    {
      "icon_id": "20319380",
      "name": "数据管理",
      "font_class": "shujuguanli2",
      "unicode": "e6dd",
      "unicode_decimal": 59101
    },
    {
      "icon_id": "1126128",
      "name": "应用",
      "font_class": "yingyong1",
      "unicode": "e679",
      "unicode_decimal": 59001
    },
    {
      "icon_id": "708166",
      "name": "客服",
      "font_class": "wodekefu",
      "unicode": "e6d3",
      "unicode_decimal": 59091
    },
    {
      "icon_id": "1166270",
      "name": "提示",
      "font_class": "tishi",
      "unicode": "e6d4",
      "unicode_decimal": 59092
    },
    {
      "icon_id": "7674905",
      "name": "提示",
      "font_class": "tishi1",
      "unicode": "e718",
      "unicode_decimal": 59160
    },
    {
      "icon_id": "983997",
      "name": "邮件",
      "font_class": "weibiaoti554",
      "unicode": "e6d2",
      "unicode_decimal": 59090
    },
    {
      "icon_id": "10268619",
      "name": "意见反馈",
      "font_class": "yijianfankui",
      "unicode": "e6d1",
      "unicode_decimal": 59089
    },
    {
      "icon_id": "10560898",
      "name": "工具",
      "font_class": "gongju",
      "unicode": "e8a2",
      "unicode_decimal": 59554
    },
    {
      "icon_id": "925643",
      "name": "默认头像",
      "font_class": "morentouxiang",
      "unicode": "e6cb",
      "unicode_decimal": 59083
    },
    {
      "icon_id": "2742642",
      "name": "警示",
      "font_class": "jingshi1",
      "unicode": "e6cc",
      "unicode_decimal": 59084
    },
    {
      "icon_id": "4801994",
      "name": "编辑",
      "font_class": "bianji2",
      "unicode": "e777",
      "unicode_decimal": 59255
    },
    {
      "icon_id": "5485666",
      "name": "图片",
      "font_class": "tupian3",
      "unicode": "e6cd",
      "unicode_decimal": 59085
    },
    {
      "icon_id": "6027485",
      "name": "地址",
      "font_class": "dizhi",
      "unicode": "e6ce",
      "unicode_decimal": 59086
    },
    {
      "icon_id": "8349112",
      "name": "企业-填充",
      "font_class": "qiye-tianchong",
      "unicode": "e730",
      "unicode_decimal": 59184
    },
    {
      "icon_id": "10292039",
      "name": "删 除",
      "font_class": "shanchu1",
      "unicode": "e6cf",
      "unicode_decimal": 59087
    },
    {
      "icon_id": "10392612",
      "name": "盾牌",
      "font_class": "dunpai",
      "unicode": "e6d0",
      "unicode_decimal": 59088
    },
    {
      "icon_id": "12103015",
      "name": "模型",
      "font_class": "moxing",
      "unicode": "e6ca",
      "unicode_decimal": 59082
    },
    {
      "icon_id": "2237848",
      "name": "任务管理-01",
      "font_class": "renwuguanli-",
      "unicode": "e6c4",
      "unicode_decimal": 59076
    },
    {
      "icon_id": "351771",
      "name": "首页",
      "font_class": "shouye2",
      "unicode": "e6be",
      "unicode_decimal": 59070
    },
    {
      "icon_id": "1190983",
      "name": "其他",
      "font_class": "qita",
      "unicode": "e6bf",
      "unicode_decimal": 59071
    },
    {
      "icon_id": "1232443",
      "name": "sim卡",
      "font_class": "simqia",
      "unicode": "e728",
      "unicode_decimal": 59176
    },
    {
      "icon_id": "1973188",
      "name": "男头像",
      "font_class": "user__easyico",
      "unicode": "e6c0",
      "unicode_decimal": 59072
    },
    {
      "icon_id": "8767303",
      "name": "手机",
      "font_class": "shouji1",
      "unicode": "e6c1",
      "unicode_decimal": 59073
    },
    {
      "icon_id": "9589363",
      "name": "分析",
      "font_class": "fenxi1",
      "unicode": "e6c2",
      "unicode_decimal": 59074
    },
    {
      "icon_id": "9711350",
      "name": "查询",
      "font_class": "chaxun1",
      "unicode": "e6c3",
      "unicode_decimal": 59075
    },
    {
      "icon_id": "13409767",
      "name": "设备",
      "font_class": "shebei",
      "unicode": "e6c5",
      "unicode_decimal": 59077
    },
    {
      "icon_id": "14055572",
      "name": "头像",
      "font_class": "touxiang1",
      "unicode": "e6c6",
      "unicode_decimal": 59078
    },
    {
      "icon_id": "14122673",
      "name": "模型应用",
      "font_class": "moxingyingyong",
      "unicode": "e6c7",
      "unicode_decimal": 59079
    },
    {
      "icon_id": "14439544",
      "name": "平台治理",
      "font_class": "pingtaizhili",
      "unicode": "e6c8",
      "unicode_decimal": 59080
    },
    {
      "icon_id": "14625660",
      "name": "资源管理",
      "font_class": "ziyuanguanli",
      "unicode": "e6c9",
      "unicode_decimal": 59081
    },
    {
      "icon_id": "8898014",
      "name": "灯泡",
      "font_class": "dengpao1",
      "unicode": "e6bc",
      "unicode_decimal": 59068
    },
    {
      "icon_id": "14420514",
      "name": "求助",
      "font_class": "qiuzhu",
      "unicode": "e6bd",
      "unicode_decimal": 59069
    },
    {
      "icon_id": "8685175",
      "name": "结案",
      "font_class": "jiean",
      "unicode": "e6bb",
      "unicode_decimal": 59067
    },
    {
      "icon_id": "3879070",
      "name": "评价",
      "font_class": "pingjia1",
      "unicode": "e6ba",
      "unicode_decimal": 59066
    },
    {
      "icon_id": "14958162",
      "name": "2",
      "font_class": "2",
      "unicode": "e699",
      "unicode_decimal": 59033
    },
    {
      "icon_id": "14958163",
      "name": "4",
      "font_class": "4",
      "unicode": "e6aa",
      "unicode_decimal": 59050
    },
    {
      "icon_id": "14958164",
      "name": "7",
      "font_class": "7",
      "unicode": "e6ab",
      "unicode_decimal": 59051
    },
    {
      "icon_id": "14958165",
      "name": "3",
      "font_class": "3",
      "unicode": "e6ac",
      "unicode_decimal": 59052
    },
    {
      "icon_id": "14958166",
      "name": "5",
      "font_class": "5",
      "unicode": "e6ae",
      "unicode_decimal": 59054
    },
    {
      "icon_id": "14958167",
      "name": "8",
      "font_class": "8",
      "unicode": "e6b0",
      "unicode_decimal": 59056
    },
    {
      "icon_id": "14958168",
      "name": "6",
      "font_class": "6",
      "unicode": "e6b1",
      "unicode_decimal": 59057
    },
    {
      "icon_id": "14958169",
      "name": "9",
      "font_class": "9",
      "unicode": "e6b2",
      "unicode_decimal": 59058
    },
    {
      "icon_id": "14958170",
      "name": "10",
      "font_class": "10",
      "unicode": "e6b3",
      "unicode_decimal": 59059
    },
    {
      "icon_id": "14958171",
      "name": "nomal_ic",
      "font_class": "nomal_ic",
      "unicode": "e6b8",
      "unicode_decimal": 59064
    },
    {
      "icon_id": "14958176",
      "name": "1",
      "font_class": "1",
      "unicode": "e6b9",
      "unicode_decimal": 59065
    },
    {
      "icon_id": "1474834",
      "name": "刷新",
      "font_class": "fresh",
      "unicode": "e69a",
      "unicode_decimal": 59034
    },
    {
      "icon_id": "3389128",
      "name": "对象",
      "font_class": "duixiang",
      "unicode": "e69b",
      "unicode_decimal": 59035
    },
    {
      "icon_id": "3470302",
      "name": "关系",
      "font_class": "teshutubiao-",
      "unicode": "e79d",
      "unicode_decimal": 59293
    },
    {
      "icon_id": "3699887",
      "name": "标记",
      "font_class": "biaoji",
      "unicode": "e69e",
      "unicode_decimal": 59038
    },
    {
      "icon_id": "7341087",
      "name": "图形",
      "font_class": "tuxing",
      "unicode": "e69f",
      "unicode_decimal": 59039
    },
    {
      "icon_id": "7349548",
      "name": "对象档案",
      "font_class": "duixiangdangan",
      "unicode": "eb2f",
      "unicode_decimal": 60207
    },
    {
      "icon_id": "8474685",
      "name": "图形",
      "font_class": "tuxing1",
      "unicode": "e6a1",
      "unicode_decimal": 59041
    },
    {
      "icon_id": "10995852",
      "name": "备注",
      "font_class": "beizhu",
      "unicode": "e6a3",
      "unicode_decimal": 59043
    },
    {
      "icon_id": "11761687",
      "name": "分析研判",
      "font_class": "fenxiyanpan",
      "unicode": "e6a4",
      "unicode_decimal": 59044
    },
    {
      "icon_id": "12250540",
      "name": "案件",
      "font_class": "shuiwujibenxinxi",
      "unicode": "e6a6",
      "unicode_decimal": 59046
    },
    {
      "icon_id": "12479474",
      "name": "连线",
      "font_class": "lianxian",
      "unicode": "e6a7",
      "unicode_decimal": 59047
    },
    {
      "icon_id": "14350476",
      "name": "图形",
      "font_class": "tuxing2",
      "unicode": "e6a8",
      "unicode_decimal": 59048
    },
    {
      "icon_id": "14509695",
      "name": "删 除",
      "font_class": "shanchu",
      "unicode": "e6a9",
      "unicode_decimal": 59049
    },
    {
      "icon_id": "14913126",
      "name": "女性-管理员",
      "font_class": "nvxing-guanliyuan",
      "unicode": "e696",
      "unicode_decimal": 59030
    },
    {
      "icon_id": "14913127",
      "name": "男性-管理员",
      "font_class": "nanxing-guanliyuan",
      "unicode": "e697",
      "unicode_decimal": 59031
    },
    {
      "icon_id": "14887476",
      "name": "数据库",
      "font_class": "shujuku",
      "unicode": "e692",
      "unicode_decimal": 59026
    },
    {
      "icon_id": "14887477",
      "name": "网络设备",
      "font_class": "wangluoshebei",
      "unicode": "e693",
      "unicode_decimal": 59027
    },
    {
      "icon_id": "14887478",
      "name": "服务器",
      "font_class": "fuwuqi",
      "unicode": "e694",
      "unicode_decimal": 59028
    },
    {
      "icon_id": "14887479",
      "name": "中间件",
      "font_class": "zhongjianjian",
      "unicode": "e695",
      "unicode_decimal": 59029
    },
    {
      "icon_id": "14590933",
      "name": "newcase_ic",
      "font_class": "newcase_ic",
      "unicode": "e691",
      "unicode_decimal": 59025
    },
    {
      "icon_id": "14361196",
      "name": "警告 (1)",
      "font_class": "jinggao1",
      "unicode": "e690",
      "unicode_decimal": 59024
    },
    {
      "icon_id": "14361180",
      "name": "完成",
      "font_class": "wancheng",
      "unicode": "e68f",
      "unicode_decimal": 59023
    },
    {
      "icon_id": "11414430",
      "name": "装备c",
      "font_class": "zhuangbei3",
      "unicode": "e8e5",
      "unicode_decimal": 59621
    },
    {
      "icon_id": "1601345",
      "name": "标签 (4)",
      "font_class": "biaoqian",
      "unicode": "e682",
      "unicode_decimal": 59010
    },
    {
      "icon_id": "4130972",
      "name": "分析",
      "font_class": "fenxi",
      "unicode": "e686",
      "unicode_decimal": 59014
    },
    {
      "icon_id": "5925352",
      "name": "任务",
      "font_class": "renwu",
      "unicode": "e68d",
      "unicode_decimal": 59021
    },
    {
      "icon_id": "9096380",
      "name": "模块",
      "font_class": "mokuai",
      "unicode": "e68e",
      "unicode_decimal": 59022
    },
    {
      "icon_id": "1810365",
      "name": "关联",
      "font_class": "guanlian1",
      "unicode": "e68a",
      "unicode_decimal": 59018
    },
    {
      "icon_id": "7570901",
      "name": "手机",
      "font_class": "shouji",
      "unicode": "e68b",
      "unicode_decimal": 59019
    },
    {
      "icon_id": "11177882",
      "name": "电子证件",
      "font_class": "dianzizhengjian",
      "unicode": "e6a5",
      "unicode_decimal": 59045
    },
    {
      "icon_id": "13678061",
      "name": "小红旗",
      "font_class": "xiaohongqi",
      "unicode": "e68c",
      "unicode_decimal": 59020
    },
    {
      "icon_id": "3216587",
      "name": "电脑",
      "font_class": "diannao",
      "unicode": "e684",
      "unicode_decimal": 59012
    },
    {
      "icon_id": "4784115",
      "name": "首页",
      "font_class": "shouye3",
      "unicode": "e685",
      "unicode_decimal": 59013
    },
    {
      "icon_id": "5302982",
      "name": "发送",
      "font_class": "zhifeiji",
      "unicode": "e6a0",
      "unicode_decimal": 59040
    },
    {
      "icon_id": "11007848",
      "name": "查询",
      "font_class": "chaxun",
      "unicode": "e688",
      "unicode_decimal": 59016
    },
    {
      "icon_id": "13137462",
      "name": "下载笔录",
      "font_class": "xiazaibilu",
      "unicode": "e689",
      "unicode_decimal": 59017
    },
    {
      "icon_id": "107543",
      "name": "笔",
      "font_class": "pen",
      "unicode": "e681",
      "unicode_decimal": 59009
    },
    {
      "icon_id": "7411159",
      "name": "退出",
      "font_class": "signOut",
      "unicode": "e680",
      "unicode_decimal": 59008
    },
    {
      "icon_id": "968656",
      "name": "选中",
      "font_class": "check1",
      "unicode": "e67f",
      "unicode_decimal": 59007
    },
    {
      "icon_id": "8708168",
      "name": "国家电网logo2",
      "font_class": "guojiadianwanglogo",
      "unicode": "e67a",
      "unicode_decimal": 59002
    },
    {
      "icon_id": "42241",
      "name": "金融知识",
      "font_class": "jinrongzhishi",
      "unicode": "e672",
      "unicode_decimal": 58994
    },
    {
      "icon_id": "3575371",
      "name": "人",
      "font_class": "ren",
      "unicode": "e673",
      "unicode_decimal": 58995
    },
    {
      "icon_id": "5601645",
      "name": "信封",
      "font_class": "xinfeng",
      "unicode": "e7cb",
      "unicode_decimal": 59339
    },
    {
      "icon_id": "7711302",
      "name": "车辆",
      "font_class": "cheliang",
      "unicode": "e677",
      "unicode_decimal": 58999
    },
    {
      "icon_id": "8942937",
      "name": "日志",
      "font_class": "rizhi",
      "unicode": "e78f",
      "unicode_decimal": 59279
    },
    {
      "icon_id": "10143186",
      "name": "飞机",
      "font_class": "feiji",
      "unicode": "e678",
      "unicode_decimal": 59000
    },
    {
      "icon_id": "10803115",
      "name": "社保",
      "font_class": "shebao",
      "unicode": "e731",
      "unicode_decimal": 59185
    },
    {
      "icon_id": "1983075",
      "name": "人员添加",
      "font_class": "renyuantianjia",
      "unicode": "e665",
      "unicode_decimal": 58981
    },
    {
      "icon_id": "840996",
      "name": "删除",
      "font_class": "icon7",
      "unicode": "e66a",
      "unicode_decimal": 58986
    },
    {
      "icon_id": "1129603",
      "name": "首页",
      "font_class": "shouye1",
      "unicode": "e66b",
      "unicode_decimal": 58987
    },
    {
      "icon_id": "2043094",
      "name": "ERP_单位",
      "font_class": "ERP_danwei",
      "unicode": "e66d",
      "unicode_decimal": 58989
    },
    {
      "icon_id": "3185528",
      "name": "问好",
      "font_class": "wenhao",
      "unicode": "e66e",
      "unicode_decimal": 58990
    },
    {
      "icon_id": "5509870",
      "name": "查看",
      "font_class": "chakan",
      "unicode": "e6ad",
      "unicode_decimal": 59053
    },
    {
      "icon_id": "10432442",
      "name": "案件",
      "font_class": "anjian",
      "unicode": "e66f",
      "unicode_decimal": 58991
    },
    {
      "icon_id": "11778843",
      "name": "预警",
      "font_class": "yujing",
      "unicode": "e667",
      "unicode_decimal": 58983
    },
    {
      "icon_id": "983780",
      "name": "密码可见",
      "font_class": "mimakejian",
      "unicode": "e668",
      "unicode_decimal": 58984
    },
    {
      "icon_id": "4058150",
      "name": "状态_S",
      "font_class": "zhuangtai_S",
      "unicode": "e669",
      "unicode_decimal": 58985
    },
    {
      "icon_id": "5382842",
      "name": "编辑",
      "font_class": "bianji1",
      "unicode": "e676",
      "unicode_decimal": 58998
    },
    {
      "icon_id": "8566774",
      "name": "密码隐藏",
      "font_class": "mimayincang",
      "unicode": "e67e",
      "unicode_decimal": 59006
    },
    {
      "icon_id": "833715",
      "name": "重启1",
      "font_class": "zhongqi1",
      "unicode": "e663",
      "unicode_decimal": 58979
    },
    {
      "icon_id": "3208154",
      "name": "新建",
      "font_class": "xinjian",
      "unicode": "e664",
      "unicode_decimal": 58980
    },
    {
      "icon_id": "9872843",
      "name": "预警",
      "font_class": "yujing1",
      "unicode": "ea04",
      "unicode_decimal": 59908
    },
    {
      "icon_id": "986556",
      "name": "关联",
      "font_class": "guanlian",
      "unicode": "e6af",
      "unicode_decimal": 59055
    },
    {
      "icon_id": "3737500",
      "name": "安全",
      "font_class": "tubiaozhizuomoban-1",
      "unicode": "e660",
      "unicode_decimal": 58976
    },
    {
      "icon_id": "10809190",
      "name": "加 添加",
      "font_class": "changyongtubiao-xianxingdaochu-zhuanqu-",
      "unicode": "e70a",
      "unicode_decimal": 59146
    },
    {
      "icon_id": "7674894",
      "name": "云",
      "font_class": "langchaoyun",
      "unicode": "e715",
      "unicode_decimal": 59157
    },
    {
      "icon_id": "5838940",
      "name": "公告",
      "font_class": "gonggao",
      "unicode": "e65c",
      "unicode_decimal": 58972
    },
    {
      "icon_id": "8892366",
      "name": "灯泡",
      "font_class": "dengpao",
      "unicode": "e65d",
      "unicode_decimal": 58973
    },
    {
      "icon_id": "5381661",
      "name": "文件夹",
      "font_class": "wenjianjia2",
      "unicode": "e69c",
      "unicode_decimal": 59036
    },
    {
      "icon_id": "10039105",
      "name": "刷新",
      "font_class": "shuaxin1",
      "unicode": "e6b5",
      "unicode_decimal": 59061
    },
    {
      "icon_id": "11213098",
      "name": "任务-蓝",
      "font_class": "task",
      "unicode": "e65b",
      "unicode_decimal": 58971
    },
    {
      "icon_id": "8482735",
      "name": "勾",
      "font_class": "gou",
      "unicode": "e65a",
      "unicode_decimal": 58970
    },
    {
      "icon_id": "10293684",
      "name": "勾",
      "font_class": "gou1",
      "unicode": "e675",
      "unicode_decimal": 58997
    },
    {
      "icon_id": "10069290",
      "name": "时间1",
      "font_class": "shijian",
      "unicode": "e7d9",
      "unicode_decimal": 59353
    },
    {
      "icon_id": "5580007",
      "name": "运营商@2x",
      "font_class": "yunyingshangx",
      "unicode": "e67d",
      "unicode_decimal": 59005
    },
    {
      "icon_id": "6279738",
      "name": "下载",
      "font_class": "xiazai",
      "unicode": "e666",
      "unicode_decimal": 58982
    },
    {
      "icon_id": "9207596",
      "name": "国家电网公司",
      "font_class": "guojiadianwanggongsi",
      "unicode": "e659",
      "unicode_decimal": 58969
    },
    {
      "icon_id": "9944181",
      "name": "文件夹",
      "font_class": "wenjianjia1",
      "unicode": "e6b7",
      "unicode_decimal": 59063
    },
    {
      "icon_id": "3416411",
      "name": "类型管理",
      "font_class": "type",
      "unicode": "e657",
      "unicode_decimal": 58967
    },
    {
      "icon_id": "7091823",
      "name": "进行中",
      "font_class": "jinhangzhong",
      "unicode": "e654",
      "unicode_decimal": 58964
    },
    {
      "icon_id": "10181438",
      "name": "上传",
      "font_class": "shangchuan1",
      "unicode": "e63b",
      "unicode_decimal": 58939
    },
    {
      "icon_id": "11379942",
      "name": "首页",
      "font_class": "shouye",
      "unicode": "e636",
      "unicode_decimal": 58934
    },
    {
      "icon_id": "7393735",
      "name": "zip",
      "font_class": "zip",
      "unicode": "e637",
      "unicode_decimal": 58935
    },
    {
      "icon_id": "1301370",
      "name": "评价",
      "font_class": "pingjia",
      "unicode": "e65f",
      "unicode_decimal": 58975
    },
    {
      "icon_id": "1546612",
      "name": "应用",
      "font_class": "yingyong",
      "unicode": "e69d",
      "unicode_decimal": 59037
    },
    {
      "icon_id": "6888890",
      "name": "上传",
      "font_class": "caozuo-shangchuan-upload",
      "unicode": "e661",
      "unicode_decimal": 58977
    },
    {
      "icon_id": "9448542",
      "name": "上传",
      "font_class": "shangchuan",
      "unicode": "e62c",
      "unicode_decimal": 58924
    },
    {
      "icon_id": "900144",
      "name": "搜索",
      "font_class": "sousuo1",
      "unicode": "e651",
      "unicode_decimal": 58961
    },
    {
      "icon_id": "124858",
      "name": "朋友圈",
      "font_class": "friends",
      "unicode": "e64b",
      "unicode_decimal": 58955
    },
    {
      "icon_id": "608565",
      "name": "04_个人",
      "font_class": "04geren",
      "unicode": "e64d",
      "unicode_decimal": 58957
    },
    {
      "icon_id": "609149",
      "name": "05_群组",
      "font_class": "05qunzu",
      "unicode": "e64e",
      "unicode_decimal": 58958
    },
    {
      "icon_id": "609150",
      "name": "05_群组_fill",
      "font_class": "05qunzufill",
      "unicode": "e64f",
      "unicode_decimal": 58959
    },
    {
      "icon_id": "1221893",
      "name": "个人 实心",
      "font_class": "solid-person",
      "unicode": "e652",
      "unicode_decimal": 58962
    },
    {
      "icon_id": "7155369",
      "name": "警示",
      "font_class": "jingshi",
      "unicode": "e656",
      "unicode_decimal": 58966
    },
    {
      "icon_id": "6729804",
      "name": "资源默认头像_群组头像 ",
      "font_class": "ziyuanmorentouxiang_qunzutouxiang",
      "unicode": "e674",
      "unicode_decimal": 58996
    },
    {
      "icon_id": "10356628",
      "name": "头像",
      "font_class": "touxiang",
      "unicode": "e601",
      "unicode_decimal": 58881
    },
    {
      "icon_id": "77151",
      "name": "朋友圈",
      "font_class": "pengyouquan",
      "unicode": "e638",
      "unicode_decimal": 58936
    },
    {
      "icon_id": "134655",
      "name": "收藏",
      "font_class": "shoucang",
      "unicode": "e648",
      "unicode_decimal": 58952
    },
    {
      "icon_id": "604646",
      "name": "刷新",
      "font_class": "shuaxin",
      "unicode": "e64a",
      "unicode_decimal": 58954
    },
    {
      "icon_id": "4346238",
      "name": "点赞",
      "font_class": "dianzan2",
      "unicode": "e64c",
      "unicode_decimal": 58956
    },
    {
      "icon_id": "5651507",
      "name": "搜索",
      "font_class": "sousuo",
      "unicode": "e683",
      "unicode_decimal": 59011
    },
    {
      "icon_id": "3663377",
      "name": "定位",
      "font_class": "dingwei",
      "unicode": "e6a2",
      "unicode_decimal": 59042
    },
    {
      "icon_id": "3900713",
      "name": "文件夹",
      "font_class": "wenjianjia",
      "unicode": "e649",
      "unicode_decimal": 58953
    },
    {
      "icon_id": "594133",
      "name": "性能型云硬盘备份",
      "font_class": "xingnengxingyunyingpanbeifen",
      "unicode": "e711",
      "unicode_decimal": 59153
    },
    {
      "icon_id": "986671",
      "name": "男",
      "font_class": "nan",
      "unicode": "e646",
      "unicode_decimal": 58950
    },
    {
      "icon_id": "1311994",
      "name": "女",
      "font_class": "nv",
      "unicode": "e647",
      "unicode_decimal": 58951
    },
    {
      "icon_id": "3737512",
      "name": "话题",
      "font_class": "tubiaozhizuomoban-",
      "unicode": "e630",
      "unicode_decimal": 58928
    },
    {
      "icon_id": "3864527",
      "name": "文件",
      "font_class": "wenjian",
      "unicode": "e644",
      "unicode_decimal": 58948
    },
    {
      "icon_id": "5831334",
      "name": "缩小",
      "font_class": "suoxiao",
      "unicode": "e658",
      "unicode_decimal": 58968
    },
    {
      "icon_id": "9960906",
      "name": "iconfont图标_定位",
      "font_class": "iconfonttubiao_dingwei",
      "unicode": "e645",
      "unicode_decimal": 58949
    },
    {
      "icon_id": "2039579",
      "name": "部门",
      "font_class": "bumen",
      "unicode": "e687",
      "unicode_decimal": 59015
    },
    {
      "icon_id": "2963035",
      "name": "打印",
      "font_class": "dayin",
      "unicode": "e63d",
      "unicode_decimal": 58941
    },
    {
      "icon_id": "689255",
      "name": "警示 感叹号 ！",
      "font_class": "jingshigantanhao",
      "unicode": "e7f3",
      "unicode_decimal": 59379
    },
    {
      "icon_id": "689256",
      "name": "警示 感叹号 ！2",
      "font_class": "jingshigantanhao2",
      "unicode": "e7f4",
      "unicode_decimal": 59380
    },
    {
      "icon_id": "6129061",
      "name": "26感叹号-线性三角框",
      "font_class": "gantanhao-xianxingsanjiaokuang",
      "unicode": "e762",
      "unicode_decimal": 59234
    },
    {
      "icon_id": "6129068",
      "name": "25感叹号-三角框",
      "font_class": "gantanhao-sanjiaokuang",
      "unicode": "e764",
      "unicode_decimal": 59236
    },
    {
      "icon_id": "5322169",
      "name": "研判锤子",
      "font_class": "yanpanchuizi",
      "unicode": "e698",
      "unicode_decimal": 59032
    },
    {
      "icon_id": "2959026",
      "name": "环卫案件报表",
      "font_class": "huanweianjianbaobiao",
      "unicode": "e639",
      "unicode_decimal": 58937
    },
    {
      "icon_id": "4910592",
      "name": "案件流程",
      "font_class": "anjianliucheng",
      "unicode": "e653",
      "unicode_decimal": 58963
    },
    {
      "icon_id": "5130988",
      "name": "案件流程-待开放",
      "font_class": "anjianliucheng-daikaifang",
      "unicode": "e67c",
      "unicode_decimal": 59004
    },
    {
      "icon_id": "5325651",
      "name": "案件档案",
      "font_class": "anjiandangan",
      "unicode": "e6b6",
      "unicode_decimal": 59062
    },
    {
      "icon_id": "6752601",
      "name": "案件管理",
      "font_class": "anjianguanli",
      "unicode": "e63a",
      "unicode_decimal": 58938
    },
    {
      "icon_id": "7055656",
      "name": "案件",
      "font_class": "anjian1",
      "unicode": "e72f",
      "unicode_decimal": 59183
    },
    {
      "icon_id": "577312",
      "name": "加号",
      "font_class": "jiahao",
      "unicode": "e726",
      "unicode_decimal": 59174
    },
    {
      "icon_id": "1265484",
      "name": "加号",
      "font_class": "jiahao1",
      "unicode": "e634",
      "unicode_decimal": 58932
    },
    {
      "icon_id": "6691793",
      "name": "加号",
      "font_class": "jiahao2",
      "unicode": "e635",
      "unicode_decimal": 58933
    },
    {
      "icon_id": "107864",
      "name": "喇叭",
      "font_class": "horn",
      "unicode": "e628",
      "unicode_decimal": 58920
    },
    {
      "icon_id": "258591",
      "name": "消息",
      "font_class": "tubiao313",
      "unicode": "e629",
      "unicode_decimal": 58921
    },
    {
      "icon_id": "683274",
      "name": "分享",
      "font_class": "fenxiang",
      "unicode": "e655",
      "unicode_decimal": 58965
    },
    {
      "icon_id": "1104898",
      "name": "分享",
      "font_class": "share",
      "unicode": "e62b",
      "unicode_decimal": 58923
    },
    {
      "icon_id": "1761733",
      "name": "分享",
      "font_class": "fenxiang1",
      "unicode": "e7c5",
      "unicode_decimal": 59333
    },
    {
      "icon_id": "2239100",
      "name": "消息",
      "font_class": "xiaoxi1",
      "unicode": "e62d",
      "unicode_decimal": 58925
    },
    {
      "icon_id": "2849255",
      "name": "分享",
      "font_class": "fenxiang2",
      "unicode": "e643",
      "unicode_decimal": 58947
    },
    {
      "icon_id": "3216144",
      "name": "消息",
      "font_class": "icon--",
      "unicode": "e744",
      "unicode_decimal": 59204
    },
    {
      "icon_id": "4186491",
      "name": "喇叭",
      "font_class": "laba",
      "unicode": "e62e",
      "unicode_decimal": 58926
    },
    {
      "icon_id": "4982153",
      "name": "消息",
      "font_class": "xiaoxi2",
      "unicode": "e631",
      "unicode_decimal": 58929
    },
    {
      "icon_id": "5638786",
      "name": "分享",
      "font_class": "fenxiang3",
      "unicode": "e632",
      "unicode_decimal": 58930
    },
    {
      "icon_id": "5882682",
      "name": "消息",
      "font_class": "xiaoxi3",
      "unicode": "ec3b",
      "unicode_decimal": 60475
    },
    {
      "icon_id": "6570236",
      "name": "消息",
      "font_class": "xiaoxi4",
      "unicode": "e633",
      "unicode_decimal": 58931
    },
    {
      "icon_id": "8700473",
      "name": "ios-print",
      "font_class": "ios-print",
      "unicode": "e795",
      "unicode_decimal": 59285
    },
    {
      "icon_id": "8700474",
      "name": "ios-pricetag",
      "font_class": "ios-pricetag",
      "unicode": "e796",
      "unicode_decimal": 59286
    },
    {
      "icon_id": "8700935",
      "name": "md-text",
      "font_class": "md-text",
      "unicode": "e7d0",
      "unicode_decimal": 59344
    },
    {
      "icon_id": "8085218",
      "name": "政府",
      "font_class": "ziyuan",
      "unicode": "e627",
      "unicode_decimal": 58919
    },
    {
      "icon_id": "827644",
      "name": "列表",
      "font_class": "liebiao",
      "unicode": "e65e",
      "unicode_decimal": 58974
    },
    {
      "icon_id": "6429670",
      "name": "日志列表",
      "font_class": "iconrizhi",
      "unicode": "e815",
      "unicode_decimal": 59413
    },
    {
      "icon_id": "6537184",
      "name": "地图",
      "font_class": "ditu",
      "unicode": "e66c",
      "unicode_decimal": 58988
    },
    {
      "icon_id": "8084572",
      "name": "统计",
      "font_class": "tongji",
      "unicode": "e626",
      "unicode_decimal": 58918
    },
    {
      "icon_id": "7939200",
      "name": "方向空箭头-向右",
      "font_class": "iconarror2",
      "unicode": "e621",
      "unicode_decimal": 58913
    },
    {
      "icon_id": "7939201",
      "name": "方向连续箭头-向右",
      "font_class": "arrow-1",
      "unicode": "e623",
      "unicode_decimal": 58915
    },
    {
      "icon_id": "7939202",
      "name": "方向粗箭头-向右",
      "font_class": "arrow",
      "unicode": "e624",
      "unicode_decimal": 58916
    },
    {
      "icon_id": "7939204",
      "name": "方向中等箭头-向右",
      "font_class": "arrow1",
      "unicode": "e625",
      "unicode_decimal": 58917
    },
    {
      "icon_id": "6347324",
      "name": "pdf",
      "font_class": "pdf",
      "unicode": "e662",
      "unicode_decimal": 58978
    },
    {
      "icon_id": "7674873",
      "name": "关闭",
      "font_class": "guanbi",
      "unicode": "e713",
      "unicode_decimal": 59155
    },
    {
      "icon_id": "1167179",
      "name": "筛选",
      "font_class": "shaixuan",
      "unicode": "e641",
      "unicode_decimal": 58945
    },
    {
      "icon_id": "8360622",
      "name": "勾选",
      "font_class": "gouxuan-copy",
      "unicode": "ee00",
      "unicode_decimal": 60928
    },
    {
      "icon_id": "400292",
      "name": "筛选",
      "font_class": "htmal5icon30",
      "unicode": "e642",
      "unicode_decimal": 58946
    },
    {
      "icon_id": "386355",
      "name": "锁",
      "font_class": "suo",
      "unicode": "e61f",
      "unicode_decimal": 58911
    },
    {
      "icon_id": "515357",
      "name": "锁定_locked35",
      "font_class": "suodinglocked35",
      "unicode": "e6d9",
      "unicode_decimal": 59097
    },
    {
      "icon_id": "1331223",
      "name": "user",
      "font_class": "fonts-user",
      "unicode": "e61e",
      "unicode_decimal": 58910
    },
    {
      "icon_id": "7556177",
      "name": "锁定",
      "font_class": "suoding",
      "unicode": "e620",
      "unicode_decimal": 58912
    },
    {
      "icon_id": "5325647",
      "name": "团伙群体",
      "font_class": "tuanhuoqunti",
      "unicode": "e6b4",
      "unicode_decimal": 59060
    },
    {
      "icon_id": "77403",
      "name": "链接",
      "font_class": "lianjie",
      "unicode": "e600",
      "unicode_decimal": 58880
    },
    {
      "icon_id": "689264",
      "name": "立方体 立体 多面体 方块2",
      "font_class": "lifangtilitiduomiantifangkuai2",
      "unicode": "e7fb",
      "unicode_decimal": 59387
    },
    {
      "icon_id": "1110897",
      "name": "Drgs平台软件系统2-10",
      "font_class": "drgspingtairuanjianxitong210",
      "unicode": "e607",
      "unicode_decimal": 58887
    },
    {
      "icon_id": "1110899",
      "name": "Drgs平台软件系统2-12",
      "font_class": "drgspingtairuanjianxitong212",
      "unicode": "e609",
      "unicode_decimal": 58889
    },
    {
      "icon_id": "1111050",
      "name": "Drgs平台软件系统2-13",
      "font_class": "drgspingtairuanjianxitong213",
      "unicode": "e63f",
      "unicode_decimal": 58943
    },
    {
      "icon_id": "1200184",
      "name": "图片",
      "font_class": "tupian",
      "unicode": "e608",
      "unicode_decimal": 58888
    },
    {
      "icon_id": "1617021",
      "name": "链接",
      "font_class": "lianjie1",
      "unicode": "e622",
      "unicode_decimal": 58914
    },
    {
      "icon_id": "2742646",
      "name": "链接",
      "font_class": "lianjie2",
      "unicode": "e670",
      "unicode_decimal": 58992
    },
    {
      "icon_id": "3646654",
      "name": "图片",
      "font_class": "picture",
      "unicode": "e671",
      "unicode_decimal": 58993
    },
    {
      "icon_id": "4187231",
      "name": "图片",
      "font_class": "tupian1",
      "unicode": "e640",
      "unicode_decimal": 58944
    },
    {
      "icon_id": "4251767",
      "name": "图片",
      "font_class": "tupian2",
      "unicode": "e650",
      "unicode_decimal": 58960
    },
    {
      "icon_id": "6337456",
      "name": "插入链接",
      "font_class": "charulianjie",
      "unicode": "ec7f",
      "unicode_decimal": 60543
    },
    {
      "icon_id": "7962572",
      "name": "order",
      "font_class": "order",
      "unicode": "e606",
      "unicode_decimal": 58886
    },
    {
      "icon_id": "7962574",
      "name": "order3",
      "font_class": "order1",
      "unicode": "e60a",
      "unicode_decimal": 58890
    },
    {
      "icon_id": "7962576",
      "name": "no",
      "font_class": "no",
      "unicode": "e60b",
      "unicode_decimal": 58891
    },
    {
      "icon_id": "7962579",
      "name": "sale",
      "font_class": "sale",
      "unicode": "e60c",
      "unicode_decimal": 58892
    },
    {
      "icon_id": "7962581",
      "name": "shangshi",
      "font_class": "shangshi",
      "unicode": "e60d",
      "unicode_decimal": 58893
    },
    {
      "icon_id": "7962583",
      "name": "arrow-left",
      "font_class": "arrow-left",
      "unicode": "e60e",
      "unicode_decimal": 58894
    },
    {
      "icon_id": "7962584",
      "name": "colse",
      "font_class": "colse",
      "unicode": "e60f",
      "unicode_decimal": 58895
    },
    {
      "icon_id": "7962593",
      "name": "lev",
      "font_class": "lev",
      "unicode": "e610",
      "unicode_decimal": 58896
    },
    {
      "icon_id": "7965780",
      "name": "bb-cphz",
      "font_class": "bb-cphz",
      "unicode": "e611",
      "unicode_decimal": 58897
    },
    {
      "icon_id": "8058900",
      "name": "signature",
      "font_class": "signature",
      "unicode": "edf4",
      "unicode_decimal": 60916
    },
    {
      "icon_id": "8059057",
      "name": "clock-timeout",
      "font_class": "clock-timeout",
      "unicode": "edf5",
      "unicode_decimal": 60917
    },
    {
      "icon_id": "8059059",
      "name": "流程门户",
      "font_class": "liuchengmenhu",
      "unicode": "edf6",
      "unicode_decimal": 60918
    },
    {
      "icon_id": "8059380",
      "name": "web端模版操作_启用",
      "font_class": "webduanmobancaozuo_qiyong",
      "unicode": "edf7",
      "unicode_decimal": 60919
    },
    {
      "icon_id": "8059381",
      "name": "web端模版操作_更多",
      "font_class": "webduanmobancaozuo_gengduo",
      "unicode": "edf8",
      "unicode_decimal": 60920
    },
    {
      "icon_id": "8059382",
      "name": "web端模版操作_编辑",
      "font_class": "webduanmobancaozuo_bianji",
      "unicode": "edf9",
      "unicode_decimal": 60921
    },
    {
      "icon_id": "8059384",
      "name": "web端模版操作_人员信息",
      "font_class": "webduanmobancaozuo_renyuanxinxi",
      "unicode": "edfa",
      "unicode_decimal": 60922
    },
    {
      "icon_id": "8059386",
      "name": "web端模版操作_删除",
      "font_class": "webduanmobancaozuo_shanchu",
      "unicode": "edfb",
      "unicode_decimal": 60923
    },
    {
      "icon_id": "8059387",
      "name": "web端模版操作_预览",
      "font_class": "webduanmobancaozuo_yulan",
      "unicode": "edfc",
      "unicode_decimal": 60924
    },
    {
      "icon_id": "8059416",
      "name": "基础控件图标-公共选择框",
      "font_class": "jichukongjiantubiao-gonggongxuanzekuang",
      "unicode": "edfd",
      "unicode_decimal": 60925
    },
    {
      "icon_id": "8059855",
      "name": "paste",
      "font_class": "paste",
      "unicode": "edfe",
      "unicode_decimal": 60926
    },
    {
      "icon_id": "8059856",
      "name": "copy",
      "font_class": "copy",
      "unicode": "edff",
      "unicode_decimal": 60927
    },
    {
      "icon_id": "8075404",
      "name": "icon_car",
      "font_class": "icon_car",
      "unicode": "e612",
      "unicode_decimal": 58898
    },
    {
      "icon_id": "8075405",
      "name": "icon_road",
      "font_class": "icon_road",
      "unicode": "e614",
      "unicode_decimal": 58900
    },
    {
      "icon_id": "8075417",
      "name": "icon_abnormal",
      "font_class": "icon_abnormal",
      "unicode": "e615",
      "unicode_decimal": 58901
    },
    {
      "icon_id": "8076013",
      "name": "icon_error",
      "font_class": "icon_error",
      "unicode": "e616",
      "unicode_decimal": 58902
    },
    {
      "icon_id": "8078199",
      "name": "icon_can",
      "font_class": "icon_can",
      "unicode": "e617",
      "unicode_decimal": 58903
    },
    {
      "icon_id": "8078666",
      "name": "icon_date",
      "font_class": "icon_date",
      "unicode": "e618",
      "unicode_decimal": 58904
    },
    {
      "icon_id": "8080093",
      "name": "icon_out",
      "font_class": "icon_out",
      "unicode": "e619",
      "unicode_decimal": 58905
    },
    {
      "icon_id": "8080108",
      "name": "icon_set",
      "font_class": "icon_set",
      "unicode": "e61a",
      "unicode_decimal": 58906
    },
    {
      "icon_id": "8080114",
      "name": "icon_message",
      "font_class": "icon_message",
      "unicode": "e61c",
      "unicode_decimal": 58908
    },
    {
      "icon_id": "8080120",
      "name": "icon_remind",
      "font_class": "icon_remind",
      "unicode": "e61d",
      "unicode_decimal": 58909
    },
    {
      "icon_id": "1817792",
      "name": "菜单",
      "font_class": "caidan1",
      "unicode": "e63c",
      "unicode_decimal": 58940
    },
    {
      "icon_id": "4521281",
      "name": "组织下辖",
      "font_class": "zuzhixiaxia",
      "unicode": "ebd8",
      "unicode_decimal": 60376
    },
    {
      "icon_id": "4236617",
      "name": "构件树",
      "font_class": "goujianshu",
      "unicode": "e604",
      "unicode_decimal": 58884
    },
    {
      "icon_id": "587169",
      "name": "warning",
      "font_class": "warning",
      "unicode": "e836",
      "unicode_decimal": 59446
    },
    {
      "icon_id": "651947",
      "name": "search",
      "font_class": "search",
      "unicode": "e613",
      "unicode_decimal": 58899
    },
    {
      "icon_id": "879161",
      "name": "菜单",
      "font_class": "ego-menu",
      "unicode": "e605",
      "unicode_decimal": 58885
    },
    {
      "icon_id": "1249035",
      "name": "博士帽",
      "font_class": "boshimao",
      "unicode": "e602",
      "unicode_decimal": 58882
    },
    {
      "icon_id": "2570084",
      "name": "盾牌-锁",
      "font_class": "dunpaisuo-tianchong",
      "unicode": "e62f",
      "unicode_decimal": 58927
    },
    {
      "icon_id": "4331438",
      "name": "编辑",
      "font_class": "bianji",
      "unicode": "e603",
      "unicode_decimal": 58883
    },
    {
      "icon_id": "4511878",
      "name": "叠加",
      "font_class": "diejia",
      "unicode": "e63e",
      "unicode_decimal": 58942
    },
    {
      "icon_id": "5323798",
      "name": "系统管理_组织架构",
      "font_class": "xitongguanli_zuzhijiagou",
      "unicode": "e62a",
      "unicode_decimal": 58922
    },
    {
      "icon_id": "7588087",
      "name": "菜单",
      "font_class": "caidan",
      "unicode": "e61b",
      "unicode_decimal": 58907
    }
  ]
}
